s,Sensor,Index,Measured (cm),Desired (cm),Error (cm),Abs Error (cm)
4/24/2026 15:11:42,SensorData,1,18.921,20,-1.079,1.079
4/24/2026 15:11:51,SensorData,2,19.55,21,-1.450001,1.450001
4/24/2026 15:12:02,SensorData,3,19.8594,22,-2.140598,2.140598
4/24/2026 15:12:11,SensorData,4,21.437,23,-1.563,1.563
4/24/2026 15:12:26,SensorData,5,22.6406,24,-1.359402,1.359402
4/24/2026 15:12:36,SensorData,6,22.5828,25,-2.4172,2.4172
4/24/2026 15:12:47,SensorData,7,23.2118,26,-2.788198,2.788198
4/24/2026 15:13:03,SensorData,8,24.463,27,-2.536999,2.536999
4/24/2026 15:13:14,SensorData,9,26.928,28,-1.072001,1.072001
4/24/2026 15:13:19,SensorData,10,26.8702,28,-1.129801,1.129801
4/24/2026 15:13:32,SensorData,11,27.676,29,-1.323999,1.323999
4/24/2026 15:13:46,SensorData,12,27.217,30,-2.783001,2.783001
4/24/2026 15:13:59,SensorData,13,27.846,31,-3.154001,3.154001
4/24/2026 15:14:13,SensorData,14,28.9,32,-3.1,3.1
4/24/2026 15:14:30,SensorData,15,29.9336,33,-3.066401,3.066401
4/24/2026 15:14:44,SensorData,16,30.702,34,-3.298,3.298
4/24/2026 15:15:03,SensorData,17,32.232,35,-2.768002,2.768002
4/24/2026 15:15:13,SensorData,18,32.64,36,-3.360001,3.360001
4/24/2026 15:15:22,SensorData,19,34.2856,37,-2.714397,2.714397
4/24/2026 15:15:40,SensorData,20,34.289,38,-3.710999,3.710999
4/24/2026 15:15:54,SensorData,21,35.6252,39,-3.374802,3.374802
4/24/2026 15:16:11,SensorData,22,36.72,40,-3.279999,3.279999
4/24/2026 15:16:25,SensorData,23,37.128,41,-3.872002,3.872002
4/24/2026 15:16:35,SensorData,24,39.4026,42,-2.597401,2.597401
4/24/2026 15:16:50,SensorData,25,39.1748,43,-3.825203,3.825203
4/24/2026 15:17:03,SensorData,26,39.9024,44,-4.097603,4.097603
4/24/2026 15:17:15,SensorData,27,40.6266,45,-4.373402,4.373402
4/24/2026 15:17:28,SensorData,28,41.5344,46,-4.465599,4.465599
4/24/2026 15:17:34,SensorData,29,42.313,46,-3.687,3.687
4/24/2026 15:18:00,SensorData,30,42.517,47,-4.483002,4.483002
4/24/2026 15:18:12,SensorData,31,44.489,48,-3.511002,3.511002
4/24/2026 15:18:23,SensorData,32,45.0976,49,-3.902401,3.902401
4/24/2026 15:19:40,SensorData,33,46.0734,50,-3.926598,3.926598
4/24/2026 15:19:51,SensorData,34,47.6578,51,-3.342201,3.342201
4/24/2026 15:20:01,SensorData,35,47.4572,52,-4.542797,4.542797
4/24/2026 15:20:11,SensorData,36,48.5248,53,-4.475201,4.475201
4/24/2026 15:20:23,SensorData,37,49.3136,54,-4.686398,4.686398
4/24/2026 15:20:33,SensorData,38,50.3234,55,-4.676598,4.676598
4/24/2026 15:21:02,SensorData,39,51.3366,56,-4.663399,4.663399
4/24/2026 15:21:15,SensorData,40,52.683,57,-4.317005,4.317005
4/24/2026 15:21:25,SensorData,41,53.1896,58,-4.810402,4.810402
4/24/2026 15:21:49,SensorData,42,54.1824,59,-4.817604,4.817604
4/24/2026 15:22:03,SensorData,43,55.505,60,-4.495003,4.495003
4/24/2026 15:22:08,SensorData,44,55.4982,60,-4.501801,4.501801
4/24/2026 15:22:45,SensorData,45,55.641,61,-5.359001,5.359001
4/24/2026 15:24:02,SensorData,46,56.9806,62,-5.019402,5.019402
4/24/2026 15:24:14,SensorData,47,58.2624,63,-4.737598,4.737598
4/24/2026 15:24:24,SensorData,48,58.956,64,-5.043999,5.043999
4/24/2026 15:24:35,SensorData,49,60.0474,65,-4.952599,4.952599
4/24/2026 15:24:52,SensorData,50,60.384,66,-5.615997,5.615997
4/24/2026 15:25:29,SensorData,51,60.18,67,-6.82,6.82
4/24/2026 15:26:05,SensorData,52,63.7534,68,-4.246601,4.246601
4/24/2026 15:28:02,SensorData,53,64.3042,69,-4.695801,4.695801
4/24/2026 15:28:14,SensorData,54,65.1304,70,-4.869598,4.869598
4/24/2026 15:28:27,SensorData,55,63.784,71,-7.215996,7.215996
4/24/2026 15:28:43,SensorData,56,66.895,72,-5.105003,5.105003
4/24/2026 15:28:57,SensorData,57,67.7586,73,-5.241394,5.241394
4/24/2026 15:29:02,SensorData,58,67.847,73,-5.153,5.153
4/24/2026 15:29:14,SensorData,59,68.34,74,-5.659996,5.659996
4/24/2026 15:29:19,SensorData,60,68.4284,74,-5.571594,5.571594
4/24/2026 15:29:32,SensorData,61,69.36,75,-5.639999,5.639999
4/24/2026 15:29:52,SensorData,62,70.38,76,-5.62001,5.62001
4/24/2026 15:30:03,SensorData,63,72.2772,77,-4.722801,4.722801
4/24/2026 15:30:15,SensorData,64,73.015,78,-4.985001,4.985001
4/24/2026 15:30:26,SensorData,65,73.6882,79,-5.311798,5.311798
4/24/2026 15:30:30,SensorData,66,73.678,79,-5.321999,5.321999
4/24/2026 15:30:46,SensorData,67,65.3208,80,-14.679199,14.679199
4/24/2026 15:31:14,SensorData,68,75.4222,81,-5.577797,5.577797
4/24/2026 15:31:18,SensorData,69,75.65,81,-5.349998,5.349998
4/24/2026 15:31:33,SensorData,70,76.3538,82,-5.646202,5.646202
4/24/2026 15:31:38,SensorData,71,75.8676,82,-6.132401,6.132401
4/24/2026 15:31:51,SensorData,72,77.35,83,-5.650002,5.650002
4/24/2026 15:32:00,SensorData,73,78.54,84,-5.459999,5.459999
4/24/2026 15:32:19,SensorData,74,79.1452,85,-5.854797,5.854797
4/24/2026 15:32:30,SensorData,75,80.3896,86,-5.610397,5.610397
4/24/2026 15:32:41,SensorData,76,80.988,87,-6.012001,6.012001
4/24/2026 15:32:51,SensorData,77,81.5796,88,-6.420395,6.420395
4/24/2026 15:33:00,SensorData,78,78.9684,89,-10.031601,10.031601
4/24/2026 15:33:10,SensorData,79,79.1248,90,-10.875198,10.875198
4/24/2026 15:33:20,SensorData,80,85.0272,91,-5.972794,5.972794
4/24/2026 15:33:25,SensorData,81,84.0582,91,-6.941795,6.941795
4/24/2026 15:33:30,SensorData,82,85.3978,92,-6.602203,6.602203
4/24/2026 15:33:42,SensorData,83,87.091,93,-5.909004,5.909004
4/24/2026 15:33:51,SensorData,84,87.1658,94,-6.834206,6.834206
4/24/2026 15:33:59,SensorData,85,88.2912,95,-6.708801,6.708801
4/24/2026 15:34:07,SensorData,86,86.7272,96,-9.272804,9.272804
4/24/2026 15:34:53,SensorData,87,91.3512,97,-5.648788,5.648788
4/24/2026 15:34:57,SensorData,88,91.6606,97,-5.339401,5.339401
4/24/2026 15:35:07,SensorData,89,91.8884,98,-6.111595,6.111595
4/24/2026 15:35:19,SensorData,90,93.313,99,-5.686996,5.686996
4/24/2026 15:35:31,SensorData,91,89.9028,100,-10.097198,10.097198
4/24/2026 15:35:40,SensorData,92,90.5216,101,-10.478401,10.478401
4/24/2026 15:35:52,SensorData,93,96.2574,102,-5.742599,5.742599
4/24/2026 15:35:57,SensorData,94,92.0958,102,-9.904198,9.904198
4/24/2026 15:36:07,SensorData,95,97.24,103,-5.759995,5.759995
4/24/2026 15:36:21,SensorData,96,94.1222,104,-9.877792,9.877792
4/24/2026 15:36:47,SensorData,97,95.2204,105,-9.779602,9.779602
4/24/2026 15:36:57,SensorData,98,96.9884,106,-9.011597,9.011597
4/24/2026 15:37:15,SensorData,99,91.205,107,-15.794998,15.794998
4/24/2026 15:37:22,SensorData,100,100.351,107,-6.649002,6.649002
4/24/2026 15:37:43,SensorData,101,90.576,108,-17.423996,17.423996
4/24/2026 15:37:52,SensorData,102,101.8606,108,-6.139397,6.139397
4/24/2026 15:38:21,SensorData,103,102.6256,109,-6.374405,6.374405
4/24/2026 15:38:31,SensorData,104,103.649,110,-6.350998,6.350998
4/24/2026 15:38:41,SensorData,105,104.9138,111,-6.086205,6.086205
4/24/2026 15:38:50,SensorData,106,101.4458,112,-10.554199,10.554199
4/24/2026 15:38:59,SensorData,107,106.7838,113,-6.216202,6.216202
4/24/2026 15:39:06,SensorData,108,105.1892,114,-8.810806,8.810806
4/24/2026 15:39:12,SensorData,109,108.5654,114,-5.434593,5.434593
4/24/2026 15:39:28,SensorData,110,106.0222,115,-8.977798,8.977798
4/24/2026 15:41:44,SensorData,111,110.0274,116,-5.972595,5.972595
4/24/2026 15:41:55,SensorData,112,110.5102,117,-6.489807,6.489807
4/24/2026 15:42:07,SensorData,113,111.7988,118,-6.201195,6.201195
4/24/2026 15:42:16,SensorData,114,81.0832,119,-37.916801,37.916801
4/24/2026 15:42:23,SensorData,115,103.6354,119,-15.364601,15.364601
4/24/2026 15:42:36,SensorData,116,112.1354,119,-6.864601,6.864601
4/24/2026 15:42:50,SensorData,117,112.897,120,-7.103004,7.103004
4/24/2026 15:43:03,SensorData,118,111.8192,121,-9.180801,9.180801
4/24/2026 15:43:22,SensorData,119,115.4368,122,-6.56321,6.56321
4/24/2026 15:43:32,SensorData,120,116.0556,123,-6.944397,6.944397
4/24/2026 15:43:44,SensorData,121,117.6536,124,-6.346397,6.346397
4/24/2026 15:43:52,SensorData,122,118.0344,125,-6.965599,6.965599
4/24/2026 15:44:02,SensorData,123,119.17,126,-6.830002,6.830002
4/24/2026 15:44:13,SensorData,124,110.126,127,-16.874001,16.874001
4/24/2026 15:44:17,SensorData,125,110.1226,127,-16.877403,16.877403
4/24/2026 15:44:26,SensorData,126,105.5156,127,-21.484398,21.484398
4/24/2026 15:47:36,SensorData,127,120.3668,127,-6.633202,6.633202
4/24/2026 15:47:53,SensorData,128,116.3684,128,-11.631607,11.631607
4/24/2026 15:48:06,SensorData,129,121.125,129,-7.875,7.875
4/24/2026 15:48:12,SensorData,130,118.8742,130,-11.125793,11.125793
4/24/2026 15:48:16,SensorData,131,123.2092,130,-6.790794,6.790794
4/24/2026 15:48:26,SensorData,132,124.3346,131,-6.66539,6.66539
4/24/2026 15:48:36,SensorData,133,124.5114,132,-7.488602,7.488602
4/24/2026 15:48:43,SensorData,134,125.9156,133,-7.084396,7.084396
4/24/2026 15:48:51,SensorData,135,127.1668,134,-6.833206,6.833206
4/24/2026 15:48:56,SensorData,136,126.1128,134,-7.887207,7.887207
4/24/2026 15:49:15,SensorData,137,128.3908,135,-6.609207,6.609207
4/24/2026 15:49:26,SensorData,138,129.2884,136,-6.711594,6.711594
4/24/2026 15:49:35,SensorData,139,129.3904,137,-7.609589,7.609589
4/24/2026 15:49:44,SensorData,140,131.1788,138,-6.821198,6.821198
4/24/2026 15:49:57,SensorData,141,125.7252,139,-13.274803,13.274803
4/24/2026 15:50:03,SensorData,142,131.4338,139,-7.566193,7.566193
4/24/2026 15:50:24,SensorData,143,132.6884,140,-7.3116,7.3116
4/24/2026 15:51:51,SensorData,144,133.569,141,-7.431,7.431
4/24/2026 15:51:58,SensorData,145,134.7216,142,-7.278397,7.278397
4/24/2026 15:52:06,SensorData,146,135.643,143,-7.35701,7.35701
4/24/2026 15:52:16,SensorData,147,136.8772,144,-7.122787,7.122787
4/24/2026 15:52:24,SensorData,148,128.435,145,-16.565002,16.565002
4/24/2026 15:52:30,SensorData,149,137.7204,145,-7.279602,7.279602
4/24/2026 15:52:38,SensorData,150,138.635,146,-7.36499,7.36499
4/24/2026 15:52:44,SensorData,151,139.5734,147,-7.42659,7.42659
4/24/2026 15:52:53,SensorData,152,111.4112,148,-36.588806,36.588806
4/24/2026 15:52:58,SensorData,153,140.4064,148,-7.593597,7.593597
4/24/2026 15:53:08,SensorData,154,141.2938,149,-7.706207,7.706207
4/24/2026 15:53:15,SensorData,155,142.6164,150,-7.383591,7.383591
4/24/2026 15:53:29,SensorData,156,143.5548,151,-7.445206,7.445206
4/24/2026 15:53:37,SensorData,157,144.1804,152,-7.819611,7.819611
4/24/2026 15:53:48,SensorData,158,145.5234,153,-7.476593,7.476593
4/24/2026 15:54:13,SensorData,159,146.2646,154,-7.735397,7.735397
4/24/2026 15:54:19,SensorData,160,147.237,155,-7.763,7.763
4/24/2026 15:54:25,SensorData,161,148.121,156,-7.879013,7.879013
4/24/2026 15:54:29,SensorData,162,148.1992,156,-7.800812,7.800812
4/24/2026 15:55:14,SensorData,163,149.7972,157,-7.202805,7.202805
4/24/2026 15:55:20,SensorData,164,150.3106,158,-7.689392,7.689392
4/24/2026 15:55:27,SensorData,165,150.7798,159,-8.220184,8.220184
4/24/2026 15:55:36,SensorData,166,152.2792,160,-7.720795,7.720795
4/24/2026 15:55:42,SensorData,167,148.3556,161,-12.644394,12.644394
4/24/2026 15:55:56,SensorData,168,125.4498,162,-36.550194,36.550194
4/24/2026 15:56:00,SensorData,169,154.0506,162,-7.949402,7.949402
4/24/2026 15:56:13,SensorData,170,155.0196,163,-7.980392,7.980392
4/24/2026 15:56:21,SensorData,171,155.5942,164,-8.405792,8.405792
4/24/2026 15:56:30,SensorData,172,156.6244,165,-8.37561,8.37561
4/24/2026 15:56:36,SensorData,173,130.9442,166,-35.055801,35.055801
4/24/2026 15:56:48,SensorData,174,159.052,167,-7.947998,7.947998
4/24/2026 15:56:55,SensorData,175,160.0992,168,-7.900787,7.900787
4/24/2026 15:57:05,SensorData,176,161.0342,169,-7.96579,7.96579
4/24/2026 15:57:17,SensorData,177,162.435,170,-7.565002,7.565002
4/24/2026 15:57:25,SensorData,178,152.048,171,-18.952011,18.952011
4/24/2026 15:57:28,SensorData,179,152.3506,171,-18.649399,18.649399
4/24/2026 15:57:53,SensorData,180,163.659,171,-7.341003,7.341003
4/24/2026 15:58:05,SensorData,181,164.3458,172,-7.654205,7.654205
4/24/2026 15:58:11,SensorData,182,155.1998,173,-17.800201,17.800201
4/24/2026 15:58:15,SensorData,183,165.4202,173,-7.579803,7.579803
4/24/2026 15:58:25,SensorData,184,166.4062,174,-7.593811,7.593811
4/24/2026 15:58:33,SensorData,185,167.263,175,-7.737,7.737
4/24/2026 15:58:38,SensorData,186,167.7016,176,-8.298401,8.298401
4/24/2026 15:58:46,SensorData,187,168.9426,177,-8.057404,8.057404
4/24/2026 15:58:56,SensorData,188,170.0442,178,-7.955795,7.955795
4/24/2026 15:59:03,SensorData,189,170.663,179,-8.337006,8.337006
4/24/2026 15:59:11,SensorData,190,171.6422,180,-8.357803,8.357803
4/24/2026 15:59:18,SensorData,191,172.0196,181,-8.980408,8.980408
4/24/2026 15:59:26,SensorData,192,173.5666,182,-8.433411,8.433411
4/24/2026 15:59:33,SensorData,193,175.3584,183,-7.641586,7.641586
4/24/2026 15:59:39,SensorData,194,175.2938,184,-8.706207,8.706207
4/24/2026 15:59:46,SensorData,195,176.6742,185,-8.325806,8.325806
4/24/2026 15:59:58,SensorData,196,177.4018,186,-8.598221,8.598221
4/24/2026 16:00:04,SensorData,197,178.0478,187,-8.952194,8.952194
4/24/2026 16:00:13,SensorData,198,179.01,188,-8.990021,8.990021
4/24/2026 16:00:22,SensorData,199,180.1966,189,-8.803391,8.803391
4/24/2026 16:00:30,SensorData,200,181.1622,190,-8.837799,8.837799
4/24/2026 16:00:38,SensorData,201,182.0666,191,-8.933395,8.933395
4/24/2026 16:00:45,SensorData,202,183.3144,192,-8.685593,8.685593
4/24/2026 16:00:52,SensorData,203,184.4466,193,-8.553406,8.553406
4/24/2026 16:02:24,SensorData,204,126.2998,194,-67.700211,67.700211
4/24/2026 16:02:32,SensorData,205,149.9604,194,-44.039597,44.039597
4/24/2026 16:02:37,SensorData,206,185.589,194,-8.411011,8.411011
4/24/2026 16:02:51,SensorData,207,125.5654,195,-69.434608,69.434608
4/24/2026 16:02:56,SensorData,208,125.3036,195,-69.696396,69.696396
4/24/2026 16:03:00,SensorData,209,186.2996,195,-8.700394,8.700394
4/24/2026 16:03:17,SensorData,210,187.1054,196,-8.894592,8.894592
4/24/2026 16:03:22,SensorData,211,139.3388,197,-57.661194,57.661194
4/24/2026 16:03:27,SensorData,212,126.0414,197,-70.958603,70.958603
4/24/2026 16:03:32,SensorData,213,125.953,197,-71.046997,71.046997
4/24/2026 16:03:40,SensorData,214,125.9836,197,-71.016396,71.016396
4/24/2026 16:04:27,SensorData,215,187.8636,197,-9.136398,9.136398
4/24/2026 16:05:17,SensorData,216,189.057,198,-8.942993,8.942993
4/24/2026 16:05:27,SensorData,217,190.2266,199,-8.773407,8.773407
4/24/2026 16:05:35,SensorData,218,191.2772,200,-8.722809,8.722809
4/24/2026 16:05:44,SensorData,219,191.8994,201,-9.100601,9.100601
4/24/2026 16:05:52,SensorData,220,192.8582,202,-9.1418,9.1418
4/24/2026 16:05:59,SensorData,221,193.8272,203,-9.172806,9.172806
4/24/2026 16:06:08,SensorData,222,194.6874,204,-9.312622,9.312622
4/24/2026 16:06:58,SensorData,223,195.6734,205,-9.326599,9.326599
4/24/2026 16:07:59,SensorData,224,196.6118,206,-9.388199,9.388199
4/24/2026 16:09:00,SensorData,225,197.5332,207,-9.466797,9.466797
4/24/2026 16:09:10,SensorData,226,199.5256,208,-8.474396,8.474396
4/24/2026 16:09:18,SensorData,227,187.714,209,-21.28598,21.28598
4/24/2026 16:09:24,SensorData,228,200.0084,209,-8.991608,8.991608
4/24/2026 16:09:40,SensorData,229,200.8176,210,-9.182404,9.182404
4/24/2026 16:09:56,SensorData,230,200.6034,211,-10.396606,10.396606
4/24/2026 16:10:39,SensorData,231,202.5618,212,-9.438217,9.438217
4/24/2026 16:10:46,SensorData,232,183.6034,213,-29.396591,29.396591
4/24/2026 16:10:50,SensorData,233,203.4118,213,-9.588196,9.588196
4/24/2026 16:11:01,SensorData,234,204.561,214,-9.438995,9.438995
4/24/2026 16:11:10,SensorData,235,205.411,215,-9.588989,9.588989
4/24/2026 16:11:17,SensorData,236,206.414,216,-9.585983,9.585983
4/24/2026 16:11:24,SensorData,237,207.6346,217,-9.365402,9.365402
4/24/2026 16:11:34,SensorData,238,208.9368,218,-9.063202,9.063202
4/24/2026 16:11:42,SensorData,239,209.3822,219,-9.617798,9.617798
4/24/2026 16:11:51,SensorData,240,210.732,220,-9.268021,9.268021
4/24/2026 16:12:30,SensorData,241,210.8782,221,-10.121796,10.121796
4/24/2026 16:12:52,SensorData,242,212.2144,222,-9.785599,9.785599
4/24/2026 16:12:59,SensorData,243,213.4112,223,-9.588821,9.588821
4/24/2026 16:13:06,SensorData,244,214.6284,224,-9.371613,9.371613
4/24/2026 16:13:42,SensorData,245,215.271,225,-9.729004,9.729004
4/24/2026 16:14:25,SensorData,246,216.2094,226,-9.790604,9.790604
4/24/2026 16:14:32,SensorData,247,217.2634,227,-9.736618,9.736618
4/24/2026 16:14:41,SensorData,248,218.4568,228,-9.543182,9.543182
4/24/2026 16:14:54,SensorData,249,219.164,229,-9.836014,9.836014
4/24/2026 16:14:59,SensorData,250,220.2316,230,-9.768402,9.768402
4/24/2026 16:15:06,SensorData,251,221.1054,231,-9.894608,9.894608
4/24/2026 16:15:13,SensorData,252,222.292,232,-9.707977,9.707977
4/24/2026 16:15:23,SensorData,253,223.5228,233,-9.477203,9.477203
4/24/2026 16:15:35,SensorData,254,224.06,234,-9.939987,9.939987
4/24/2026 16:15:47,SensorData,255,225.9164,235,-9.083618,9.083618
4/24/2026 16:15:59,SensorData,256,226.6168,236,-9.383209,9.383209
4/24/2026 16:16:07,SensorData,257,227.222,237,-9.778,9.778
4/24/2026 16:16:15,SensorData,258,227.6878,238,-10.31221,10.31221
4/24/2026 16:16:23,SensorData,259,228.8778,239,-10.122192,10.122192
4/24/2026 16:16:35,SensorData,260,229.925,240,-10.074997,10.074997
4/24/2026 16:16:46,SensorData,261,232.1214,241,-8.878616,8.878616
4/24/2026 16:16:54,SensorData,262,230.0644,242,-11.935593,11.935593
4/24/2026 16:17:18,SensorData,263,230.5098,242,-11.490189,11.490189
4/24/2026 18:11:51,SensorData,264,234.5048,243,-8.495209,8.495209
4/24/2026 18:12:42,SensorData,265,237.2917,244,-6.708328,6.708328
4/24/2026 18:12:50,SensorData,266,237.6147,245,-7.38533,7.38533
4/24/2026 18:12:57,SensorData,267,233.7908,246,-12.209183,12.209183
4/24/2026 18:13:03,SensorData,268,233.801,246,-12.199005,12.199005
4/24/2026 18:13:50,SensorData,269,236.0994,247,-10.900589,10.900589
4/24/2026 18:14:09,SensorData,270,236.4326,248,-11.567413,11.567413
4/24/2026 18:14:24,SensorData,271,236.8644,249,-12.13559,12.13559
4/24/2026 18:14:57,SensorData,272,238.3706,250,-11.629425,11.629425
4/24/2026 18:15:07,SensorData,273,240.4786,251,-10.521393,10.521393
4/24/2026 18:15:15,SensorData,274,241.026,252,-10.973999,10.973999
4/24/2026 18:15:23,SensorData,275,241.3762,253,-11.62381,11.62381
4/24/2026 18:15:34,SensorData,276,243.6406,254,-10.359421,10.359421
4/24/2026 18:16:20,SensorData,277,244.6096,255,-10.390411,10.390411
4/24/2026 18:16:35,SensorData,278,242.4642,256,-13.535812,13.535812
4/24/2026 18:16:51,SensorData,279,244.749,257,-12.251007,12.251007
4/24/2026 18:17:02,SensorData,280,243.7256,258,-14.274384,14.274384
4/24/2026 18:17:08,SensorData,281,243.2904,258,-14.709625,14.709625
4/24/2026 18:18:04,SensorData,282,249.5124,259,-9.487595,9.487595
4/24/2026 18:18:26,SensorData,283,250.0938,260,-9.906204,9.906204
4/24/2026 18:19:01,SensorData,284,247.8498,261,-13.150192,13.150192
4/24/2026 18:20:19,SensorData,285,248.6522,262,-13.347809,13.347809
4/24/2026 18:25:30,SensorData,286,249.3084,263,-13.691605,13.691605
4/24/2026 18:25:44,SensorData,287,253.4088,264,-10.591187,10.591187
4/24/2026 18:28:52,SensorData,288,255.646,265,-9.354004,9.354004
4/24/2026 18:32:38,SensorData,289,257.5466,266,-8.4534,8.4534
4/24/2026 18:33:41,SensorData,290,257.7328,267,-9.267242,9.267242
4/24/2026 18:33:57,SensorData,291,259.0154,268,-8.984589,8.984589
4/24/2026 18:34:11,SensorData,292,260.0184,269,-8.981628,8.981628
4/24/2026 18:34:24,SensorData,293,255.0782,270,-14.921783,14.921783
4/24/2026 18:34:28,SensorData,294,260.2836,270,-9.7164,9.7164
4/24/2026 18:35:29,SensorData,295,262.072,271,-8.927979,8.927979
4/24/2026 18:35:51,SensorData,296,263.789,272,-8.210968,8.210968
4/24/2026 18:36:43,SensorData,297,262.7316,273,-10.268402,10.268402
4/24/2026 18:37:12,SensorData,298,264.639,274,-9.360992,9.360992
4/24/2026 18:37:33,SensorData,299,259.6682,275,-15.331787,15.331787
4/24/2026 18:37:38,SensorData,300,266.1237,275,-8.876312,8.876312
4/24/2026 18:38:39,SensorData,301,266.0432,276,-9.956787,9.956787
4/24/2026 18:38:48,SensorData,302,267.0088,277,-9.99118,9.99118
4/24/2026 18:38:55,SensorData,303,269.858,278,-8.141998,8.141998
4/24/2026 18:39:08,SensorData,304,270.2354,279,-8.764587,8.764587
4/24/2026 18:40:02,SensorData,305,270.793,280,-9.20697,9.20697
4/24/2026 18:40:12,SensorData,306,269.314,281,-11.686005,11.686005
4/24/2026 18:40:17,SensorData,307,271.881,282,-10.119019,10.119019
4/24/2026 18:40:23,SensorData,308,273.343,283,-9.656982,9.656982
4/24/2026 18:40:29,SensorData,309,266.6212,284,-17.378815,17.378815
4/24/2026 18:40:41,SensorData,310,275.0996,284,-8.90036,8.90036
4/24/2026 18:41:01,SensorData,311,274.958,285,-10.041992,10.041992
4/24/2026 18:41:08,SensorData,312,277.321,286,-8.678986,8.678986
4/24/2026 18:44:46,SensorData,313,278.392,287,-8.608002,8.608002
4/24/2026 18:45:08,SensorData,314,280.364,288,-7.635986,7.635986
4/24/2026 19:00:46,SensorData,315,277.389,289,-11.610992,11.610992
4/24/2026 19:08:27,SensorData,316,277.9568,290,-12.043182,12.043182
4/24/2026 19:10:02,SensorData,317,279.072,291,-11.928009,11.928009
4/24/2026 19:15:39,SensorData,318,279.9288,292,-12.071198,12.071198
4/24/2026 19:18:29,SensorData,319,281.4928,293,-11.507202,11.507202
4/24/2026 19:20:58,SensorData,320,282.625,294,-11.375,11.375
4/24/2026 19:22:09,SensorData,321,284.2536,295,-10.746399,10.746399
4/24/2026 19:23:37,SensorData,322,284.3556,296,-11.644409,11.644409
4/24/2026 19:24:21,SensorData,323,284.9098,297,-12.09021,12.09021
4/24/2026 19:25:04,SensorData,324,285.532,298,-12.467987,12.467987
4/24/2026 19:25:43,SensorData,325,286.552,299,-12.447998,12.447998
4/24/2026 19:26:37,SensorData,326,287.9732,300,-12.026794,12.026794
4/24/2026 19:32:08,SensorData,327,288.4152,301,-12.584778,12.584778
4/24/2026 19:32:25,SensorData,328,290.5776,302,-11.422424,11.422424
4/24/2026 19:33:14,SensorData,329,291.3936,303,-11.606384,11.606384
4/24/2026 19:34:12,SensorData,330,293.896,304,-10.104004,10.104004
4/24/2026 19:34:33,SensorData,331,295.341,305,-9.658997,9.658997
4/24/2026 19:35:09,SensorData,332,296.599,306,-9.401001,9.401001
4/24/2026 19:35:16,SensorData,333,296.4596,307,-10.540436,10.540436
4/24/2026 19:35:52,SensorData,334,297.7635,308,-10.236511,10.236511
4/24/2026 19:36:05,SensorData,335,297.7278,309,-11.272217,11.272217
4/24/2026 19:36:17,SensorData,336,297.857,310,-12.143005,12.143005
4/24/2026 19:36:27,SensorData,337,282.6794,311,-28.320618,28.320618
4/24/2026 19:36:39,SensorData,338,298.571,311,-12.428986,12.428986
4/24/2026 19:37:08,SensorData,339,299.8868,312,-12.11319,12.11319
4/24/2026 19:37:22,SensorData,340,300.6144,313,-12.38559,12.38559
4/24/2026 19:37:34,SensorData,341,302.3858,314,-11.614197,11.614197
4/24/2026 19:37:41,SensorData,342,303.0114,315,-11.988586,11.988586
4/24/2026 19:38:00,SensorData,343,305.4764,316,-10.52359,10.52359
4/24/2026 19:38:18,SensorData,344,306.0567,317,-10.943329,10.943329
4/24/2026 19:38:47,SensorData,345,307.2127,318,-10.787323,10.787323
4/24/2026 19:38:58,SensorData,346,307.7397,319,-11.260345,11.260345
4/24/2026 19:40:19,SensorData,347,308.6044,320,-11.39563,11.39563
4/24/2026 19:40:44,SensorData,348,309.9723,321,-11.027679,11.027679
4/24/2026 19:41:37,SensorData,349,310.5458,322,-11.454193,11.454193
4/24/2026 19:41:59,SensorData,350,311.423,323,-11.576996,11.576996
4/24/2026 19:44:11,SensorData,351,311.542,324,-12.458008,12.458008
4/24/2026 19:45:22,SensorData,352,312.4668,325,-12.533203,12.533203
4/24/2026 19:45:48,SensorData,353,314.5136,326,-11.486389,11.486389
4/24/2026 19:46:13,SensorData,354,314.721,327,-12.278992,12.278992
4/24/2026 19:47:02,SensorData,355,316.8222,328,-11.177795,11.177795
4/24/2026 19:47:30,SensorData,356,316.846,329,-12.153992,12.153992
4/24/2026 19:48:14,SensorData,357,318.41,330,-11.589996,11.589996
4/24/2026 19:48:28,SensorData,358,319.464,331,-11.53598,11.53598
4/24/2026 19:49:08,SensorData,359,322.677,333,-10.322998,10.322998
4/24/2026 19:49:32,SensorData,360,322.5648,334,-11.435211,11.435211
4/24/2026 19:49:44,SensorData,361,325.618,335,-9.381989,9.381989
4/24/2026 19:50:08,SensorData,362,323.7412,336,-12.258789,12.258789
4/24/2026 19:50:39,SensorData,363,324.2376,337,-12.76239,12.76239
4/24/2026 19:51:00,SensorData,364,324.8666,338,-13.133423,13.133423
4/24/2026 19:51:23,SensorData,365,326.0566,339,-12.94339,12.94339
4/24/2026 19:51:44,SensorData,366,327.3078,340,-12.6922,12.6922
4/24/2026 19:52:06,SensorData,367,328.44,341,-12.559998,12.559998
4/24/2026 19:52:21,SensorData,368,329.1234,342,-12.876617,12.876617
4/24/2026 19:53:37,SensorData,369,330.463,343,-12.537018,12.537018
4/24/2026 19:54:00,SensorData,370,331.0784,344,-12.92157,12.92157
4/24/2026 19:54:19,SensorData,371,332.2072,345,-12.792786,12.792786
4/24/2026 19:54:34,SensorData,372,333.5332,346,-12.466797,12.466797
4/24/2026 19:54:44,SensorData,373,334.203,347,-12.797028,12.797028
4/24/2026 19:54:52,SensorData,374,335.2638,348,-12.736176,12.736176
4/24/2026 19:55:02,SensorData,375,336.855,349,-12.144989,12.144989
4/24/2026 19:55:27,SensorData,376,337.2052,350,-12.7948,12.7948
4/24/2026 19:55:36,SensorData,377,339.15,351,-11.850006,11.850006
4/24/2026 19:55:50,SensorData,378,340.1247,352,-11.875336,11.875336
4/24/2026 19:56:07,SensorData,379,339.3098,353,-13.690186,13.690186
4/24/2026 19:56:16,SensorData,380,341.0846,354,-12.915405,12.915405
4/24/2026 19:56:21,SensorData,381,341.1764,354,-12.823608,12.823608
4/24/2026 19:56:49,SensorData,382,341.6422,355,-13.357819,13.357819
4/24/2026 19:57:00,SensorData,383,342.5364,356,-13.463562,13.463562
4/24/2026 19:57:08,SensorData,384,343.451,357,-13.549011,13.549011
4/24/2026 19:57:17,SensorData,385,344.3724,358,-13.627594,13.627594
4/24/2026 19:57:58,SensorData,386,345.44,359,-13.559998,13.559998
4/24/2026 19:58:47,SensorData,387,346.426,360,-13.573975,13.573975
4/24/2026 19:59:03,SensorData,388,348.075,361,-12.924988,12.924988
4/24/2026 20:00:29,SensorData,389,348.1158,362,-13.884216,13.884216
4/24/2026 20:00:44,SensorData,390,349.7138,363,-13.286194,13.286194
4/24/2026 20:00:58,SensorData,391,350.3122,364,-13.687805,13.687805
4/24/2026 20:01:15,SensorData,392,351.3662,365,-13.633789,13.633789
4/24/2026 20:01:27,SensorData,393,352.5562,366,-13.443787,13.443787
4/24/2026 20:01:39,SensorData,394,353.6374,367,-13.36261,13.36261
4/24/2026 20:01:59,SensorData,395,354.2766,368,-13.723389,13.723389
4/24/2026 20:02:11,SensorData,396,355.2558,369,-13.744202,13.744202
4/24/2026 20:02:21,SensorData,397,356.0684,370,-13.93161,13.93161
4/24/2026 20:02:38,SensorData,398,357.5712,371,-13.428802,13.428802
4/24/2026 20:02:55,SensorData,399,358.1356,372,-13.86441,13.86441
4/24/2026 20:03:10,SensorData,400,359.1046,373,-13.895416,13.895416
4/24/2026 20:03:30,SensorData,401,360.2878,374,-13.712219,13.712219
4/24/2026 20:03:43,SensorData,402,362.2972,375,-12.70282,12.70282
4/24/2026 20:04:06,SensorData,403,363.7966,376,-12.20343,12.20343
4/24/2026 20:04:40,SensorData,404,364.14,377,-12.860016,12.860016
4/24/2026 20:05:07,SensorData,405,366.095,378,-11.904999,11.904999
4/24/2026 20:05:27,SensorData,406,367.132,379,-11.868011,11.868011
4/24/2026 20:05:44,SensorData,407,366.945,380,-13.055023,13.055023
4/24/2026 20:07:05,SensorData,408,367.2578,381,-13.742187,13.742187
4/24/2026 20:09:08,SensorData,409,367.455,382,-14.544983,14.544983
4/24/2026 20:10:46,SensorData,410,367.778,382,-14.221985,14.221985
4/24/2026 20:11:03,SensorData,411,368.6212,383,-14.378784,14.378784
4/24/2026 20:11:44,SensorData,412,368.5464,383,-14.453613,14.453613
4/24/2026 20:11:58,SensorData,413,369.7704,384,-14.229584,14.229584
4/24/2026 20:12:10,SensorData,414,371.5282,385,-13.471771,13.471771
4/24/2026 20:12:14,SensorData,415,371.195,385,-13.804993,13.804993
4/24/2026 20:12:25,SensorData,416,372.8882,386,-13.111786,13.111786
4/24/2026 20:12:33,SensorData,417,372.3748,387,-14.625183,14.625183
4/24/2026 20:12:40,SensorData,418,373.9252,388,-14.074799,14.074799
4/24/2026 20:12:47,SensorData,419,374.8228,389,-14.177185,14.177185
4/24/2026 20:13:09,SensorData,420,376.9014,390,-13.098633,13.098633
4/24/2026 20:13:21,SensorData,421,376.5364,391,-14.463593,14.463593
4/24/2026 20:13:31,SensorData,422,377.2844,392,-14.715637,14.715637
4/24/2026 20:13:43,SensorData,423,380.46,393,-12.540009,12.540009
4/24/2026 20:15:11,SensorData,424,380.1965,394,-13.803497,13.803497
4/24/2026 20:15:32,SensorData,425,381.3916,395,-13.608398,13.608398
4/24/2026 20:15:51,SensorData,426,382.3776,396,-13.622375,13.622375
4/24/2026 20:15:57,SensorData,427,382.8366,397,-14.163391,14.163391
4/24/2026 20:16:11,SensorData,428,384.54,398,-13.460022,13.460022
4/24/2026 20:16:30,SensorData,429,384.2714,399,-14.728577,14.728577
4/24/2026 20:16:37,SensorData,430,385.8218,400,-14.178192,14.178192
4/24/2026 20:16:55,SensorData,431,385.6042,400,-14.395813,14.395813